,danceability,danceability_var,energy,energy_var,loudness,loudness_var,speechiness,speechiness_var,acousticness,acousticness_var,instrumentalness,instrumentalness_var,liveness,liveness_var,valence,valence_var,tempo,tempo_var,date,date_var,artist_conc
0,0.6688039215686273,0.020466824298346786,0.7779607843137254,0.016150469050365244,-4.908450980392158,1.7400747966166863,0.10448627450980394,0.007469652556708959,0.08528223333333333,0.014343641758588892,0.0006876050980392156,1.2791357313177935e-05,0.1872647058823529,0.021462970126874287,0.6454509803921568,0.03718303191080353,120.59325490196079,1002.4811108173782,13098.882352941175,1248668.2308487117,0.7575757575757576
1,0.49238205128205126,0.018813249165023013,0.6959230769230769,0.043638224852071014,-8.10797435897436,6.896996742932283,0.0910102564102564,0.013897548099934253,0.16222731923076922,0.04429041291365406,0.22370828025641026,0.13010133638497634,0.17934358974358974,0.017156688612754763,0.47666666666666657,0.041660991452991465,124.98712820512822,859.9681908809993,7900.961538461537,41862440.60001643,0.45901639344262296
2,0.6710625000000002,0.01181862109375,0.6929531250000002,0.030438919677734367,-4.875593750000001,4.740519084960938,0.09642499999999998,0.006835485312500002,0.2691001562500001,0.059732832654663066,0.0006378121875,2.3861498603967085e-05,0.16889375000000006,0.014883678398437501,0.5650781249999998,0.041251728271484364,114.59598437500003,747.5809937028806,16885.680989583325,246528.6540374759,0.5185185185185185
3,0.5144285714285716,0.030801990929705196,0.6209015873015874,0.05897139983875033,-9.618753968253964,18.74290285216679,0.067,0.004606959841269839,0.27351436984127,0.10353928877559639,0.2031557634126985,0.09609200055807252,0.1882777777777777,0.01945279553791887,0.4512579365079364,0.06117116275447218,125.54762698412699,782.055089329113,13557.813822751323,20096460.767876063,0.6992481203007519
4,0.5762352941176472,0.02825970934256055,0.6504176470588237,0.040554896747404846,-7.6345294117647065,6.233681778546714,0.041217647058823526,0.00019271557093425608,0.1771891058823529,0.054154180653544076,0.08175876352941178,0.046578734054776444,0.16652352941176468,0.028346754740484426,0.49029411764705877,0.06505608996539791,127.7254117647059,904.535191418685,9821.720588235296,1388320.8314470395,0.9444444444444444
5,0.6798933333333333,0.022162628622222222,0.71164,0.027720870399999993,-5.922160000000002,5.979475281066668,0.07875333333333336,0.004209386488888888,0.12020210666666666,0.037304723764975296,0.0006521896000000001,7.578305030081171e-06,0.2052386666666667,0.025881992771555562,0.5684933333333333,0.037162863288888875,121.92629333333333,606.7231384739556,13084.43222222223,14648832.869433947,0.7623762376237624
6,0.50525,0.020066562500000003,0.7778125,0.01404640234375,-6.6208124999999995,6.58572877734375,0.04675625,0.0002692724609375,0.06396823125000001,0.01149372656731465,0.06545102499999998,0.01764544632086062,0.22562499999999996,0.016908510624999998,0.5058125,0.04845102734375,123.188875,916.0470866093751,11518.880208333334,21725272.044026695,0.8235294117647058
7,0.6464423076923077,0.012217438979289941,0.5725384615384614,0.029225133136094674,-7.842307692307694,5.583356943786981,0.07629230769230769,0.005853879556213018,0.3247051153846154,0.0686561850699098,0.07768065461538462,0.04056015339805535,0.12434423076923076,0.0037154066974852077,0.4444096153846152,0.054724677022929,120.48165384615385,690.0407537647928,16955.44631410256,771307.989539032,0.935064935064935
8,0.5124565217391305,0.016102726370510394,0.6857608695652176,0.040745616729678635,-6.39304347826087,5.877726389413988,0.05028913043478261,0.0009703335775047258,0.178996002173913,0.07107126279173501,0.057182012608695654,0.02771906176001035,0.18771739130434778,0.017823992306238184,0.5391086956521739,0.04828381035916825,130.53173913043477,939.7372133232512,12617.809782608696,38937597.490915775,0.5106382978723404
9,0.60945,0.009072747499999999,0.64185,0.0258927275,-8.206150000000001,9.3678356275,0.04997,0.003553423099999998,0.311405,0.033154176475000005,0.0027158764999999996,7.590834855737275e-05,0.16893999999999998,0.0086014084,0.6296000000000002,0.022534439999999996,123.37065,1104.1489798275006,11338.1875,34453278.01710069,0.9130434782608695
10,0.7205138888888889,0.01773424980709876,0.6328333333333334,0.018599277777777774,-6.187736111111112,4.733796666473766,0.1862944444444445,0.016852830524691366,0.17128745833333345,0.03743240203060937,8.819680555555556e-05,3.6833853392729567e-07,0.18066249999999992,0.01648816567708333,0.46386111111111117,0.04639406404320986,125.32427777777781,736.3667138672838,16525.144097222226,849660.4667215231,0.6120689655172413
11,0.6187846153846155,0.0194291997633136,0.6201461538461537,0.03318790940828403,-8.540684615384615,8.903041154378693,0.08256846153846151,0.008566764313017748,0.221365916923077,0.06751496468609662,0.31763616730769245,0.12567626559807088,0.20154692307692307,0.027941945721301768,0.43899538461538457,0.05195378059408286,119.63640000000004,909.4633676092305,13733.035256410256,3355993.8932815595,0.7604790419161677
12,0.6258888888888889,0.02118276543209877,0.6098888888888889,0.011415209876543207,-7.8262222222222215,2.6324810617283947,0.0762111111111111,0.0016911543209876545,0.30178888888888894,0.05532591209876543,3.5655555555555556e-05,4.3605269135802475e-09,0.16083333333333333,0.017906835555555556,0.5143333333333334,0.03817666666666667,130.4698888888889,1640.105486765432,14102.958333333336,32099193.8275463,1.0
13,0.5230000000000001,0.022747076923076922,0.3385384615384615,0.04311486390532545,-8.633000000000001,4.512807538461538,0.047130769230769226,0.0004769328994082841,0.6801384615384615,0.09790029159763312,0.0008576476923076923,3.2381996928331364e-06,0.12700769230769232,0.0044774314792899415,0.3375384615384615,0.016635017751479287,125.10623076923079,1353.7338301775148,16249.955128205125,658806.9560527614,0.9285714285714286
14,0.5129019607843137,0.01801336293733179,0.7424803921568628,0.0225663084390619,-7.057313725490197,5.0446733525567105,0.044667647058823534,0.0004889378748558246,0.07254953627450982,0.01620044705190544,0.03370922656862746,0.01906092462194214,0.18242549019607843,0.017787933075740097,0.5377558823529413,0.04116194089677048,122.27084313725494,927.9025311518653,9636.169934640524,1813245.481334635,0.5980392156862745
15,0.6714285714285715,0.013724244897959181,0.46828571428571436,0.016003632653061227,-10.42557142857143,4.103361959183674,0.05692857142857143,0.0009728877551020409,0.5328571428571429,0.07718555102040817,0.058656714285714284,0.006517222141918366,0.13775714285714286,0.004207582448979591,0.34685714285714286,0.018508122448979595,117.99385714285714,390.7656895510204,15785.61904761905,896565.4034863943,0.42857142857142855
16,0.5050096153846153,0.0202262018306213,0.6838269230769232,0.043074258505917146,-7.199028846153845,9.97678339339867,0.0484519230769231,0.0009622080732248518,0.1810486278846154,0.07025499458928813,0.18695862384615386,0.08546813932102386,0.1931980769230769,0.02379318807322485,0.4514153846153848,0.04368887610946745,123.82301923076922,762.3839209996299,15300.30048076923,8018718.01731681,0.7889908256880734
17,0.596576923076923,0.0175033466469428,0.7687948717948722,0.021940752794214334,-5.422564102564103,2.4670325279421426,0.05961153846153845,0.001347691533530572,0.11836928974358976,0.034283094815671177,0.0012654547435897437,2.662118409361213e-05,0.17725000000000007,0.015740017884615386,0.5722307692307694,0.049234485207100616,123.73487179487184,505.3519373168966,15247.884081196584,6419438.026960801,0.7674418604651163
18,0.6091323529411766,0.01656640895328719,0.6261176470588234,0.020291927335640142,-6.605044117647059,4.090870277465398,0.07362058823529413,0.003202246046712802,0.18155632352941178,0.04209323344677768,0.013898801617647059,0.011426635655745613,0.16993676470588243,0.01182541232482699,0.45851470588235305,0.04064569096020763,123.80870588235291,884.0568569134946,15388.09987745098,4774261.911873964,0.79
19,0.49570588235294105,0.013955619377162639,0.47631647058823545,0.04869171878754327,-10.128458823529414,17.77900810712802,0.037687058823529414,0.0002577830089965399,0.522404294117647,0.0951401282689135,0.19882345305882354,0.09258913566916845,0.14033882352941177,0.00684015202214533,0.40029764705882365,0.047302375759169554,115.66908235294119,773.1598242167478,12543.295098039218,26332589.478562575,0.8260869565217391
20,0.8455714285714284,0.009709387755102045,0.5432857142857144,0.03088077551020408,-7.934785714285716,11.579803311224486,0.23062142857142856,0.014707227397959181,0.08838528571428572,0.010924605934632655,0.00494477142857143,0.0003156229116906121,0.11072857142857143,0.0018888777551020408,0.36391428571428575,0.040775659795918365,129.834,453.7524877142857,17342.30952380952,18855.693877551017,0.5
21,0.5338666666666667,0.017810515555555555,0.46293333333333336,0.03574272888888888,-9.081066666666667,6.034966595555556,0.03371333333333334,3.3505155555555563e-05,0.5023666666666667,0.08950981555555557,0.00015130666666666667,5.8830200288888894e-08,0.10655333333333335,0.0010969224888888887,0.3988666666666666,0.04958718222222222,113.02406666666666,782.9268953955554,9173.736111111108,25479821.077237654,1.0
22,0.6507142857142858,0.017417108843537414,0.631309523809524,0.021173832766439908,-6.043809523809522,4.644091344671202,0.08068095238095238,0.006368451541950113,0.1640409523809524,0.04384106178480726,0.010115502857142859,0.0037737397667701963,0.1708047619047619,0.014694578072562362,0.4375809523809523,0.05137713154195012,112.97235714285719,720.5128633724489,17123.19642857142,266996.7672193882,0.8939393939393939
23,0.4144000000000001,0.01000014,0.9338499999999998,0.0026593275,-4.317400000000001,1.7380622400000003,0.08012999999999999,0.0023652841,0.00159352,1.6991852487599996e-05,0.04004258200000001,0.006462317686894957,0.26460500000000003,0.030401500475,0.35513999999999996,0.015670252399999998,141.026,618.2083958999999,13766.93333333333,3129710.950416667,0.35
24,0.6222857142857142,0.012843061224489796,0.6297142857142858,0.03121248979591837,-6.516285714285715,4.465157632653062,0.12458571428571427,0.012075795510204082,0.15267857142857144,0.014932799897959186,7.357142857142858e-06,1.641767346938776e-10,0.17584285714285716,0.03802203959183674,0.6427142857142857,0.01623248979591837,113.80485714285713,1292.1845444081632,16558.172619047622,151081.65497448994,0.6666666666666666
25,0.7038000000000002,0.01152716,0.7964500000000001,0.0258348475,-4.7501750000000005,2.3466580443750003,0.10661250000000003,0.006418025093749999,0.11727052500000001,0.023542255027049375,0.11631358175000002,0.05367155447012682,0.19686249999999997,0.027126707343750008,0.5019499999999999,0.04118144750000001,127.328725,500.16377304937487,16557.632291666665,185643.9234277346,0.788235294117647
26,0.5306923076923076,0.02867275147928994,0.5505384615384616,0.04598678698224853,-7.636153846153846,7.261354207100592,0.05330384615384616,0.004260128062130177,0.3524161923076923,0.09091091316246303,0.05394623346153847,0.018531339296124574,0.1244923076923077,0.0028350091715976336,0.4386076923076923,0.03687657071005916,122.14965384615387,945.8435464571007,16020.413461538461,1315191.3628369495,0.5925925925925926
27,0.5315000000000001,0.026361583333333338,0.5883333333333333,0.01747038888888889,-8.3475,4.677378916666668,0.05808333333333334,0.004243989722222222,0.19806083333333338,0.05013246387430557,0.12180125000000001,0.06675471808785419,0.18361666666666665,0.007716754722222222,0.3894166666666667,0.01921474305555555,111.69866666666667,532.1436988888887,15833.34722222222,1520111.8707561735,0.6666666666666666
28,0.7018249999999999,0.017344269375,0.6679875000000003,0.018066112343750003,-5.8684875,3.6820163248437496,0.17994500000000005,0.013202130474999999,0.12468611249999999,0.026876755396799845,0.00240828225,0.00019237797046046235,0.22163500000000003,0.02674902252500001,0.47019875000000005,0.03122209562343749,126.55148749999998,801.1691894748436,16400.067187499993,1800412.031271432,0.4267515923566879
29,0.7152,0.01390921,0.6566999999999998,0.02133076,-6.110075,5.195996119374999,0.099795,0.005664546975000001,0.13827997499999994,0.02423569335902438,0.003495873500000001,0.00042402722014439853,0.14381500000000003,0.008039241774999999,0.5749,0.03330744,113.15477499999997,645.3844513743751,16059.271875,15618476.87873156,0.8904109589041096
30,0.3480496551724137,0.02058200746539833,0.8157220000000001,0.0324801592408276,-5.572420689655174,10.213568340261594,0.07039241379310347,0.005227263459690846,0.15049037296551723,0.0481873431606277,0.21299112337931048,0.10081447065387956,0.24231241379310337,0.029103375845897728,0.4046489655172413,0.05861553505065399,138.42934482758625,1114.1255809017832,15751.275574712645,245591.72687227488,0.06206896551724138
31,0.6751443298969071,0.008053463704963335,0.7657938144329892,0.013559112126687221,-5.6070412371134015,4.66651624572218,0.07229175257731953,0.0029151669422892977,0.11533476288659794,0.020258416284160266,0.02757806319587629,0.017687670101284646,0.20576288659793818,0.026593842952492296,0.5269587628865978,0.0364623488149644,117.12495876288662,273.0879913385056,16520.67740549829,2166514.4434163203,0.8417721518987342
32,0.566747572815534,0.015287722688283533,0.4780475728155338,0.06020760191158451,-9.134601941747574,11.684112472617592,0.04446990291262136,0.0004709323951362054,0.5615888776699027,0.10500406637562731,0.11468325262135916,0.07496581596432464,0.22178543689320396,0.04698961891412949,0.4269223300970872,0.04522758620039589,118.2812427184466,640.7731180867187,14658.91262135923,5281234.4985003555,0.7155963302752294
33,0.5662352941176472,0.01919417993079585,0.590235294117647,0.0372154740484429,-9.006705882352941,10.997454560553635,0.04584705882352942,0.0004492083737024222,0.4475411764705881,0.0904328271280277,0.01059110705882353,0.0010381566123556563,0.18899411764705884,0.015089021730103807,0.641235294117647,0.05452288581314879,110.97064705882353,858.759996581315,10850.539215686274,27679819.597318336,0.6470588235294118
34,0.6281625000000001,0.014956511093749996,0.6643624999999996,0.02972468109375,-6.105975000000003,5.338824599374998,0.08088750000000001,0.005288703843750001,0.19958611249999994,0.06426066525754984,0.0119142755,0.0016278538970735553,0.18537750000000006,0.017901236743750003,0.43142500000000006,0.03189786937500001,123.39173749999998,696.3334639185938,16206.196354166666,1153672.4175431316,0.8257575757575758
35,0.6639428571428572,0.0075697681632653085,0.7273142857142855,0.01328378693877551,-5.490399999999998,2.81863784,0.06716714285714283,0.0034799499204081637,0.08398158571428573,0.013081938292528373,0.0010765665714285715,2.283497883552538e-05,0.1863085714285714,0.01479282706938775,0.5099528571428572,0.040874693348979606,113.0727714285714,368.4764098906122,16643.57023809523,659875.3128741498,0.7606837606837606
36,0.6106666666666667,0.010729333333333334,0.7906666666666666,0.011731777777777777,-6.213777777777778,5.035807728395062,0.044644444444444445,0.0005582558024691358,0.04545922222222222,0.0032453588590617287,0.014971599999999998,0.0002347402732355556,0.1580666666666667,0.01443431111111111,0.7435555555555555,0.010650691358024687,124.80033333333333,335.431139111111,13609.856481481482,1466732.1640089161,0.5555555555555556
37,0.6896197183098594,0.01971544693513192,0.6830704225352116,0.018531896449117246,-6.134000000000002,4.9098639718309816,0.14994788732394362,0.009632902213846453,0.13627526760563383,0.024528436585717128,0.005564701830985916,0.000760608666989857,0.22741408450704226,0.029001593322753424,0.5211098591549295,0.04841493074786749,118.50418309859158,871.7833880932353,15598.470657277,2706642.1432606797,0.6717557251908397
38,0.6990754716981133,0.01902535279458882,0.6714905660377359,0.017455872552509796,-6.178037735849056,3.067036715557138,0.0835509433962264,0.004563871933072265,0.12152867924528299,0.02762142985297259,0.0013919332075471697,3.7774394292319905e-05,0.18556603773584907,0.01695993695977216,0.5635283018867924,0.049663117123531504,118.98767924528303,654.5402439537203,13306.658805031453,2411894.4426137707,0.7714285714285715
39,0.5539642857142858,0.008892570153061222,0.8077142857142858,0.016132525510204075,-4.098910714285714,3.2471256170280616,0.0496,0.0007573617857142857,0.15133517857142853,0.03145813149639668,7.688374999999999e-05,2.929226786055801e-07,0.17704107142857142,0.013715984205994899,0.5861089285714286,0.05851477759885203,129.1385892857143,966.0682177420282,15493.056547619048,1678743.1759938358,0.3220338983050847
40,0.6157764705882354,0.01430405591695502,0.6479705882352941,0.027657907958477498,-6.447552941176468,5.408620882491348,0.10117882352941182,0.007632876257439446,0.20241541176470593,0.05660256665541866,0.0024711383529411775,0.00028983358260265376,0.18861764705882353,0.02125134051211072,0.4650788235294116,0.04298474308096886,120.27509411764706,963.1280651205533,16348.36960784314,5019419.646682527,0.8484848484848485
41,0.5599516908212558,0.009756731965740159,0.64218115942029,0.02743012780928378,-6.138309178743966,4.291555440640391,0.042364251207729436,0.0013346869345842375,0.21701980676328494,0.05232473077194332,0.0025831617391304353,0.0006494492510363821,0.16274106280193232,0.012600181647179631,0.44847246376811595,0.0387595624784709,122.75382608695645,871.7041047233778,13482.322463768118,10768624.345946662,0.2863636363636364
42,0.5997405063291139,0.012192356713667682,0.690664556962025,0.03424141279442398,-6.046537974683541,5.7451412105832365,0.06845126582278482,0.003910255662954657,0.21621934367088608,0.06020594778563057,0.0014078976582278483,0.00015463754449109883,0.18231392405063296,0.017980599932703106,0.5537810126582274,0.05056822267745554,124.4431835443038,890.666869858716,15657.591772151902,4403655.72782084,0.6965174129353234
43,0.5670476190476188,0.0048832834467120185,0.711095238095238,0.02422608616780045,-5.645809523809524,3.664000916099774,0.0368,0.00010693619047619048,0.18951476190476185,0.038619846443990934,4.6165714285714285e-05,1.7272835367346942e-08,0.16793333333333332,0.007819607936507936,0.5573333333333333,0.04159736507936507,130.70999999999998,1108.9581280000002,15634.603174603175,885936.7701089698,0.45454545454545453
44,0.6017812499999998,0.0184159833984375,0.68365625,0.040593225585937504,-5.0203125,4.810207152343749,0.053803125,0.001593824052734375,0.26766875000000007,0.08275070987343751,0.0003786284374999999,1.3996669291069338e-06,0.141096875,0.005964500302734374,0.4844374999999999,0.05151799609375,120.34246875,911.6741076865234,15388.502604166664,2325444.320414224,0.7380952380952381
45,0.5019473684210528,0.014093944598337956,0.7384736842105262,0.03346664404432132,-6.10715789473684,6.826345632963989,0.051134210526315796,0.001267913566481994,0.1158892552631579,0.03832203319220404,0.0026452069736842103,0.00017983371175071575,0.19775789473684208,0.0250938237534626,0.5032105263157896,0.04547698199445985,123.13967105263156,850.6261803786357,9982.980263157895,17739766.061653584,0.7105263157894737
46,0.5953636363636363,0.010266413223140494,0.8442727272727272,0.005163107438016529,-5.073363636363637,1.5549125950413225,0.11941818181818183,0.009756885123966942,0.13143245454545455,0.024794376825338846,1.7209090909090908e-05,2.1716626446280996e-09,0.3858181818181818,0.09188814876033057,0.5275454545454545,0.03203733884297521,113.79609090909092,371.9204253553719,15362.280303030304,583250.2077307157,0.7647058823529411
47,0.5307333333333334,0.033881128888888896,0.5815066666666666,0.0515655672888889,-7.700399999999999,4.563728106666668,0.04214666666666667,0.0004253291555555556,0.3293753933333334,0.0933857729968326,0.19790986000000002,0.06630608068746907,0.16667999999999997,0.012726744266666671,0.46123333333333344,0.08672463422222224,118.41493333333334,1235.3964957955554,13712.919444444446,25937585.678580243,0.9333333333333333
48,0.55509375,0.010049084960937501,0.7828749999999999,0.017231109375,-4.68675,2.2694215,0.04403125,0.00012300714843749996,0.18549187500000003,0.04693388886523438,4.93521875e-05,2.773948930458987e-08,0.21473125000000004,0.018972730898437495,0.6116250000000001,0.033845296875,127.08678125,1060.0577391083982,15763.305989583332,708118.67129008,0.4166666666666667
49,0.4576444444444444,0.023548584691358024,0.6346444444444447,0.04602325135802469,-7.844066666666664,6.693348951111111,0.09458444444444446,0.0070714577580246905,0.3247122222222221,0.07074165131061727,1.012088888888889e-05,2.6483291014320993e-09,0.4068111111111111,0.0758318907654321,0.3645444444444444,0.03741913313580247,111.04297777777778,676.6665048661728,11681.48148148148,8359924.268638546,0.5172413793103449
50,0.6260961538461539,0.0191925099852071,0.7684423076923075,0.02533651590236686,-5.243365384615386,4.289719654955623,0.05761923076923074,0.0014859938609467457,0.13409834615384617,0.0351550560879571,0.0006481336538461537,1.436345888953475e-05,0.16416153846153847,0.020627814289940836,0.6439615384615386,0.04749088313609467,126.6803653846154,823.435716193417,15247.86378205128,3073761.3131086677,0.65625
51,0.5363829787234041,0.02316964056133997,0.5978085106382979,0.03657530375735627,-6.561000000000003,6.201386765957448,0.056138297872340426,0.0021912734268899952,0.2807851063829788,0.0758458358377546,0.037487604042553205,0.022092537909483425,0.1753170212765958,0.014223671199637848,0.35154042553191484,0.041944857301946574,124.79246808510635,840.3139276957899,15285.249113475178,2249905.9425597927,0.6206896551724138
52,0.5336666666666667,0.026364488888888885,0.3359333333333333,0.027219662222222222,-12.38653333333333,6.143292515555555,0.04444666666666666,0.00020943582222222217,0.6526666666666666,0.08693302222222224,0.023767747999999998,0.0077428634309390275,0.20639333333333335,0.010936667288888889,0.5832666666666666,0.0635424622222222,124.91986666666665,939.5887630488887,1175.4055555555549,45289956.383441344,0.7619047619047619
53,0.7306571428571428,0.019756358639455792,0.724742857142857,0.01878603863945579,-5.294285714285715,3.616748946938776,0.20548000000000008,0.01581819283809524,0.09436430666666665,0.013506277566843486,0.0004896402857142857,1.4586160315174204e-05,0.23129238095238103,0.03531729384671202,0.5606895238095239,0.05080462836643994,123.37617142857142,1080.7402322563262,14151.20436507936,6504543.136260706,0.6134020618556701
54,0.5997999999999999,0.027983359999999992,0.525,0.0448888,-10.708,1.5689740000000003,0.0475,0.0003616440000000001,0.46015999999999996,0.10815323439999999,0.19090498,0.14367909448068159,0.16409999999999997,0.013641344000000003,0.621,0.09615800000000001,131.06859999999998,591.8834842399998,7530.991666666667,52523307.970416665,0.8
55,0.5562251655629136,0.011622412876628217,0.7440662251655629,0.026478631375816845,-5.122245033112581,3.295003390289899,0.041136423841059616,0.0004848315872110872,0.1671124039735099,0.037805372237989146,0.0011928896688741717,8.465183826435542e-05,0.16982450331125837,0.012042324763826148,0.5552649006622518,0.04070112188061928,128.1021920529801,973.1232533074868,14767.149558498897,2894688.7754845372,0.22485207100591717
56,0.6731052631578948,0.02151314681440443,0.4874210526315789,0.028067717451523543,-8.698842105263155,8.777506869806095,0.1801105263157895,0.02281114094182825,0.25476157894736845,0.04064819204487535,0.007194677894736842,0.00042476659869182716,0.24746315789473686,0.05209514864265929,0.537684210526316,0.044878321329639884,108.5272105263158,1146.3602017451524,11614.48903508772,29512087.764773782,0.7272727272727273
57,0.5033157894736842,0.01980642659279779,0.524,0.044839578947368425,-7.394157894736843,3.6835407645429368,0.0468,0.0005834978947368421,0.42355263157894746,0.12764114986149586,0.019740757894736845,0.0037659007766214815,0.14298947368421053,0.0056262146260387825,0.32466842105263166,0.044652473739612196,115.27031578947368,1166.2567991634348,16426.239035087718,328238.8683921976,0.84
58,0.6772631578947369,0.011046930747922436,0.7457631578947366,0.009670601800554018,-5.261763157894737,2.5096885491689753,0.27698947368421056,0.023885650415512466,0.10197921052631578,0.010063829602008311,4.342105263157895e-07,6.975934903047091e-12,0.19124210526315788,0.017568608227146815,0.5365526315789474,0.03622461565096953,129.61649999999995,833.6038926710526,15649.077850877191,68675.90727074645,0.16666666666666666
59,0.5975522388059701,0.022660471151704175,0.7244701492537317,0.034035443138783684,-5.35110447761194,3.7218128696814436,0.07267761194029851,0.003888833080864334,0.1521732014925373,0.05470438805241461,0.0011787440298507467,0.00011406169332100565,0.18166641791044774,0.021749220588661182,0.5590440298507462,0.045641928285252854,126.74247761194026,921.2710081748718,15207.396766169159,2155684.794950156,0.4853801169590643
60,0.5999999999999999,0.039183242424242426,0.6806666666666665,0.03576507070707072,-6.891606060606062,7.587792329660241,0.09189848484848487,0.006703334694674014,0.19150108954545458,0.057229156683209985,0.09245572757575758,0.04644755584526089,0.17985151515151515,0.01844325431588613,0.5369803030303029,0.051086475521120306,116.72899999999998,722.2154976363639,12472.051136363636,13988949.872621814,0.9534883720930233
61,0.5665384615384615,0.005724556213017749,0.8211538461538462,0.015025360946745558,-5.0282307692307695,2.7247587928994084,0.04083076923076923,0.0002476375147928994,0.12468538461538461,0.02457800117869822,4.607846153846154e-05,1.0691897551479289e-08,0.26545384615384615,0.03960219479289942,0.684076923076923,0.027481301775147935,125.40215384615385,568.09822643787,14918.201923076924,1943114.160482413,0.7058823529411765
62,0.7074242424242423,0.01572303213957759,0.7300909090909091,0.021289052341597798,-5.354,3.912623454545454,0.2125757575757576,0.012832032139577591,0.08136745454545453,0.01790551569946006,0.0004813199999999999,6.028871378121219e-06,0.25411818181818185,0.02867019300275482,0.4463939393939394,0.05034238178145088,131.0101515151515,699.4218991588617,15604.487373737373,4463833.546873408,0.6666666666666666
63,0.5811842105263159,0.018408202908587253,0.6214473684210526,0.026809826177285324,-9.366105263157891,6.553586304709142,0.04432894736842105,0.0006567710041551249,0.2961744736842105,0.04841737251945983,0.00515070105263158,0.00017138631283404094,0.23974210526315792,0.03621723506925209,0.731078947368421,0.037088388504155106,125.84897368421056,560.7743657624653,3363.881578947368,23911011.832284927,0.9
64,0.5779142857142854,0.0166099831292517,0.7623047619047619,0.0275883071201814,-5.193647619047621,5.1747344186848085,0.07632761904761906,0.00417810904671202,0.12823445714285714,0.04836511000935294,0.0007170012380952382,2.0633576949546132e-05,0.20530285714285718,0.02584152256326531,0.5519047619047621,0.0451820671201814,130.37132380952374,979.0929722380046,15449.721825396833,3691713.941120874,0.6178861788617886
65,0.6153609022556392,0.027947553960088214,0.6960759398496238,0.04983863340607157,-7.204992481203008,9.508726278138962,0.0944218045112782,0.009502031329074564,0.237678542706767,0.08846735968260383,0.06954077842105263,0.042972723397297366,0.17970150375939853,0.020196496388716158,0.6174909774436094,0.06197944142235288,124.79413533834582,974.60907213206,11841.179824561405,33388140.05144027,0.6369047619047619
66,0.6250987654320987,0.009283990245389418,0.7055061728395066,0.015892324035970122,-5.937370370370371,3.047930751714679,0.08494567901234568,0.004835429641822894,0.11621859259259261,0.021329370095871065,0.011272842839506173,0.001209870493742514,0.1715679012345679,0.017876014031397654,0.4095148148148149,0.039271242249657064,117.02862962962962,729.8183547270231,16975.56224279836,165137.33428169813,0.9051094890510949
67,0.649,0.0126005,0.40474999999999994,0.014449687500000002,-9.623500000000002,12.873415500000004,0.0734625,0.0003471223437500001,0.5331250000000001,0.072274359375,0.09588546249999999,0.06376885841987234,0.1349125,0.00851165359375,0.3404625,0.03867619734375001,123.95849999999999,753.0090009999999,16928.921875,89622.10696072085,0.9090909090909091
68,0.6414597701149423,0.018267167921786235,0.5470517241379306,0.021614623761395176,-8.010310344827586,6.266507202536659,0.1923879310344828,0.02039232313020213,0.2751638505747127,0.06044860413517312,0.006190789195402299,0.0018740009133046793,0.17876551724137926,0.015193671799445103,0.3641390804597701,0.035971283645131455,115.13476436781609,821.76245093873,16828.577107279685,436258.7554888548,0.33183856502242154
69,0.47438888888888897,0.01181868209876543,0.3718055555555556,0.02726130941358025,-9.611666666666666,10.550045222222224,0.03303888888888889,5.463793209876545e-05,0.5962144444444445,0.09207038665802467,0.06738530777777779,0.03712741550883565,0.14398333333333335,0.00776090361111111,0.28877777777777774,0.03420195061728396,122.77638888888889,802.6494265709875,14510.680555555555,6891411.667052468,0.7222222222222222
70,0.5076081081081081,0.020091589663988316,0.696658108108108,0.04089690324506941,-6.807297297297296,8.303079992695398,0.04800810810810811,0.0007050261504747992,0.19089520554054049,0.06595953793238521,0.20184246324324323,0.09425489209436523,0.19906081081081084,0.029764733464207445,0.3975527027027027,0.05161038087107376,123.71033783783787,610.5732068453251,14731.87781531532,6732264.927615009,0.6538461538461539
71,0.6554230769230769,0.008880705621301775,0.7290384615384616,0.018378344674556218,-5.544538461538461,3.5348297100591717,0.0882653846153846,0.0058453222633136105,0.1190683846153846,0.022234863332928994,0.013351469230769233,0.0013075558402221297,0.1891307692307692,0.017647559053254443,0.5102307692307692,0.03181679289940828,113.63561538461539,217.67721346745563,16425.062500000004,2615380.637052618,0.8409090909090909
72,0.7085079365079364,0.019061456286218185,0.715460317460317,0.019154333081380696,-6.127216931216931,4.776335492623388,0.07301798941798941,0.0040184426393438015,0.22931421693121704,0.038366781638773065,0.01142418058201059,0.006991468075440394,0.1933899470899471,0.029470224607933714,0.7223174603174605,0.04765701033005794,121.97272486772495,824.2207614692757,13490.747354497353,4226061.633205082,0.49356223175965663
73,0.6581764705882351,0.016137733564013837,0.6184117647058827,0.01922677162629758,-5.9582941176470605,2.93834791349481,0.08481470588235296,0.007575750077854669,0.23270823529411766,0.05687159553217993,9.767647058823531e-06,1.00512341799308e-09,0.1617794117647059,0.011039919870242216,0.48338235294117643,0.0452260008650519,111.05305882352941,657.6620057612456,16854.0943627451,1431012.4292594795,0.9183673469387755
74,0.4393999999999999,0.00194224,0.6904,0.03692744,-5.8068,3.0930821600000007,0.03656,4.1654400000000006e-05,0.178263,0.054787002015999994,2.5200000000000004e-06,1.7989600000000006e-11,0.40182,0.0870901696,0.23024,0.027636546399999996,150.6182,60.31125256,16343.191666666666,210563.2670833332,1.0
75,0.5840000000000002,0.018745857142857144,0.7959285714285714,0.025727494897959186,-5.323142857142857,2.106207836734694,0.08958571428571428,0.005974641224489797,0.06463311428571429,0.008959734114512652,0.08190523857142858,0.04709351158980416,0.3571357142857143,0.04027668372448979,0.4813857142857142,0.05428096265306122,127.7492857142857,710.8069846326532,15962.32738095238,1586573.2784863948,0.8823529411764706
76,0.6443749999999999,0.011230359374999997,0.73784375,0.011340319335937496,-5.193218750000001,2.387778045898438,0.08716874999999999,0.010466760898437502,0.1483525,0.024026698218750003,0.027410818749999996,0.013249630107640539,0.225559375,0.026322506162109374,0.5229999999999999,0.019070187500000002,112.49946874999999,514.5434155615236,16894.024739583336,192712.99347432455,0.9491525423728814
77,0.5720416666666667,0.02638695659722223,0.722875,0.03389927604166667,-6.720708333333332,8.036513539930555,0.17149999999999999,0.01821434833333334,0.1300128,0.047103108085655813,0.08302250416666666,0.03368510856572456,0.321475,0.08066468020833333,0.3912208333333333,0.04864943831597223,135.94462500000003,981.5101845677082,15319.942708333334,1398024.8085666227,0.5185185185185185
78,0.3582499999999999,0.024009562499999998,0.39493125,0.061375318398437496,-11.566374999999997,23.070581484375005,0.09448125000000002,0.007091606523437501,0.5722375,0.11412262734375002,0.47381357125000007,0.19483605004704638,0.15015625,0.0074198062109374985,0.148025,0.014350019375,113.83993749999999,961.8666293085937,15614.627604166668,2278043.1739298496,1.0
79,0.8034375000000001,0.0056353710937499975,0.6807500000000001,0.0241540625,-11.0779375,12.32611968359375,0.21820625,0.0099331505859375,0.092008125,0.007560937527734376,0.02350173875,0.004238894172671311,0.19996874999999997,0.04459058339843751,0.72175,0.0165794375,108.017125,655.2079947343752,8250.513020833332,12574803.339782717,0.875
80,0.584348484848485,0.013354530073461894,0.5110257575757575,0.018304112821395775,-7.322363636363636,7.981349049586776,0.059239393939393946,0.006923162084481176,0.4216348484848484,0.07841961681588612,0.000987857575757576,5.1149744661251635e-05,0.15554848484848477,0.007759813406795225,0.38736818181818183,0.02642807489669422,117.55492424242419,939.9716434033514,14564.463383838387,2610669.828362539,0.5348837209302325
81,0.6792033898305083,0.026593958632576846,0.6883220338983053,0.019647269175524274,-5.846118644067801,4.629690070669347,0.20238135593220338,0.014620255754093653,0.11019888135593224,0.029790913679629993,0.01882891559322034,0.014664878680751982,0.2013966101694916,0.020807662361390405,0.4934677966101695,0.046930030996839976,117.27884745762712,960.8853633835107,14333.007768361584,1382883.0366333919,0.45544554455445546
82,0.45472000000000007,0.013921641599999996,0.57012,0.060073785600000006,-10.512239999999998,14.422599862400002,0.07937200000000001,0.001720209216,0.5061380000000001,0.06735619705599999,0.1291681556,0.08958544626538144,0.3801,0.0750337088,0.45982799999999996,0.039912494016,123.54331999999998,702.4100092575999,10823.948333333336,21236654.2399,0.35714285714285715
83,0.6504202898550723,0.021480620457887,0.6134637681159419,0.03527329216551144,-8.657304347826088,8.9148209073724,0.09006666666666668,0.010940470338164246,0.23948882608695649,0.07100809801921613,0.004159864927536233,0.0004968991155731209,0.20628405797101446,0.040034711774837216,0.6364637681159419,0.038185147237975205,117.69136231884058,763.0935663759716,9901.278381642513,30846087.90763348,0.35802469135802467
84,0.6713333333333333,0.013337042735042734,0.7544358974358976,0.02940670742932281,-5.520820512820513,8.151647788297176,0.2211923076923077,0.01714502840236687,0.1232076923076923,0.015637881263905327,0.015161198717948717,0.004731074135509513,0.26830769230769225,0.046986366863905324,0.47544871794871807,0.047533098908612764,123.88899999999998,1335.507417128205,13935.113247863244,7588821.741715519,0.7419354838709677
85,0.5920845070422536,0.02805833088672882,0.6990140845070423,0.02946477444951399,-6.002000000000001,6.4524043380281695,0.09523521126760563,0.008264561999603251,0.19508974647887317,0.056589212782527286,0.0642650252112676,0.0454295821435797,0.1818577464788733,0.023347962721682203,0.4861366197183098,0.05161877302519342,119.68130985915492,874.623861847649,15852.792253521116,3250488.899378569,0.7017543859649122
86,0.6948181818181818,0.016200694214876032,0.5668181818181818,0.02385081542699724,-8.260727272727271,8.19900056198347,0.13746060606060603,0.024564879357208448,0.22003727272727278,0.04145143563801653,0.021665052424242423,0.00813116297416117,0.1579333333333334,0.016365545252525256,0.5906666666666665,0.0508039191919192,118.74266666666665,964.8990109494949,13832.555555555555,22553722.774060052,0.7547169811320755
87,0.5405833333333334,0.015594993055555555,0.4572916666666667,0.0449698732638889,-10.097416666666666,11.98929257638889,0.034291666666666665,6.771909722222221e-05,0.46954379166666654,0.11087488483066493,0.10753822666666667,0.06830289554769374,0.1539166666666667,0.016068429722222225,0.3050125000000001,0.018048095260416668,125.539875,678.0560354427084,15570.486111111111,2640918.4859182104,0.8333333333333334
88,0.6345000000000001,0.01205634090909091,0.8222272727272727,0.015859902892561985,-3.7654090909090914,2.3690385144628094,0.11300303030303029,0.007662431202938476,0.10599610606060608,0.022712369730670565,7.106045454545454e-05,1.251142856225206e-07,0.24568787878787876,0.0402367583379247,0.5746212121212121,0.03245329591368228,122.70124242424245,785.9378108503212,17024.140151515145,167302.73809113898,0.2028985507246377
89,0.6673736263736264,0.02320981644728897,0.6353076923076925,0.03549405917159763,-9.550186813186816,13.815209976089845,0.05197912087912089,0.0019238119816447294,0.17368248351648352,0.03425716888400796,0.03374926098901098,0.01063123344197976,0.14704285714285714,0.014807982009419149,0.666263736263736,0.06034502934428211,119.90761538461544,531.0280825004224,6883.665293040292,10409238.540004985,0.90625
90,0.5678200000000002,0.012066747600000005,0.47280300000000003,0.037035058691,-11.855859999999998,16.429772240400002,0.04989800000000002,0.002143836596,0.47254797999999987,0.07660023159755959,0.018122685500000006,0.006307248196213395,0.21537299999999995,0.04451990837099999,0.61928,0.03527024159999999,123.48274999999995,773.2446593275002,6316.467083333333,34510184.43518386,0.38738738738738737
91,0.6463692307692307,0.015522109822485206,0.49815384615384606,0.02148779171597634,-8.437153846153846,7.489799484023667,0.08905076923076925,0.007521831730177513,0.3026540000000001,0.07500058683938461,0.002854023230769231,0.0002997957847158438,0.1745661538461538,0.029085653008284022,0.4934923076923078,0.04288111147928994,112.4309076923077,973.5054793760946,12171.844230769237,7622526.056318213,0.618421052631579
92,0.603125,0.014540609375,0.6018749999999999,0.017573609374999997,-10.559375000000001,12.023335734375,0.034925,0.00014375187500000004,0.058962625,0.004562869590734375,0.038505094999999996,0.009627044010493175,0.1832125,0.011698411093750001,0.7607499999999999,0.0207124375,133.23825000000002,910.0310424375002,6956.567708333334,2724807.0798339844,0.375
93,0.6313958333333333,0.014580655815972223,0.6638020833333332,0.032234033745659724,-6.347343749999999,5.9714221005859365,0.06988020833333335,0.004404118045789929,0.2307437708333333,0.06927828945915583,0.0019240265625000003,0.0001638961385719706,0.16330729166666666,0.01199748838433159,0.5249395833333333,0.03471060509982638,120.21076041666663,825.9834764321832,15024.174479166673,9147646.42951796,0.7372881355932204
94,0.5519349593495937,0.01712136162337233,0.4928382113821136,0.04323232219842684,-8.26717886178862,12.737617333862117,0.05121463414634148,0.0020087710053539568,0.4250443089430893,0.10044586036761187,0.01043152430894309,0.0058705138277809306,0.14031544715447153,0.007294984883336638,0.3752349593495936,0.030927583086786965,121.76223577235771,1122.4905363427858,13890.84078590785,18623582.110914417,0.7913669064748201
95,0.7421845238095239,0.016337257617630385,0.6162261904761905,0.021138246456916112,-6.659559523809524,5.784105817885488,0.21439107142857144,0.02282866581313775,0.16422252380952385,0.03290698928510656,0.005630522559523809,0.0018457586752978665,0.20014940476190474,0.0240635838091695,0.46034940476190495,0.046274475952026654,123.77816071428576,679.9283684086945,15884.249999999996,5384491.364087303,0.475
96,0.5070526315789474,0.024533102493074797,0.4717368421052631,0.04441314127423823,-7.775105263157894,5.957734094182828,0.049973684210526316,0.0020576693074792246,0.4549136842105263,0.09122404294958449,0.0041644842105263155,0.0003111310560843719,0.2031263157894737,0.03914964720221606,0.5401052631578946,0.061671462603878124,118.68900000000002,1001.8733247368422,15004.657894736842,5612459.123461065,0.625
97,0.5223116883116884,0.02303937471186823,0.5997082251082251,0.0505824048241225,-8.448922077922079,12.00979749176365,0.045810822510822496,0.0008139242551676319,0.25703055151515164,0.09543957778913569,0.13869331333333332,0.06475891406313358,0.16116277056277054,0.00941019194730234,0.4360493506493506,0.04990463055152643,122.1432121212121,777.9063124268662,15192.381493506495,1249653.6576057465,0.1888412017167382
98,0.48280519480519485,0.013765975037949066,0.6761558441558443,0.049586754933378316,-8.001727272727273,11.974965834710748,0.04733896103896104,0.00048031276775172867,0.3848296883116884,0.08954125310452624,0.024996334025974027,0.016124842475925487,0.5014246753246754,0.1345474093911284,0.4987532467532468,0.03446901703491314,112.32548051948054,521.2223457041662,12143.983225108217,4720264.286086749,0.04
99,0.5781666666666667,0.013401710317460323,0.5961904761904763,0.04478005895691611,-10.800761904761902,12.736706467120184,0.07827619047619049,0.0043476522902494335,0.2859082619047618,0.0767171062371933,0.13197706166666667,0.07430970613102073,0.16767857142857143,0.009940496921768707,0.653238095238095,0.03527741950113378,123.54635714285712,1030.589454134354,6023.649801587303,41793758.32738588,0.8461538461538461
100,0.45681818181818196,0.03802996694214877,0.46818181818181803,0.041346694214876044,-11.28118181818182,5.9176476942148755,0.11273636363636365,0.03668742595041323,0.7036354545454544,0.06980642748842976,0.16244817272727266,0.07269697932549472,0.23448636363636363,0.02863373117768595,0.4290454545454546,0.07904984702479337,104.2549090909091,428.40649390082655,12723.248106060608,40924006.055473045,0.8536585365853658
101,0.5690454545454545,0.010754952479338843,0.5620909090909092,0.05441499173553719,-7.674727272727273,7.133806289256198,0.05334545454545456,0.004831900661157024,0.381205909090909,0.09687709162417356,0.059861105909090905,0.03140159643795446,0.16916818181818183,0.008370564896694214,0.46985909090909084,0.05213958969008264,116.83795454545456,773.9672019524794,13972.914772727276,981522.3124174987,0.9565217391304348
102,0.7040833333333332,0.01654640972222222,0.6218333333333333,0.016643722222222223,-6.5569375,3.011047058593751,0.18700000000000006,0.01110805,0.20026958333333333,0.03947558189982639,6.6493125e-05,2.010068826339845e-07,0.20263124999999996,0.0161876196484375,0.3926687500000001,0.029745573815104162,125.49012499999999,555.5035710260416,17090.049479166657,53261.33902316651,0.24242424242424243
103,0.7097988505747124,0.011625850343506406,0.7341896551724137,0.015745050237812135,-5.804367816091955,4.737250956665346,0.11042931034482759,0.009936566094926677,0.2696302873563219,0.0467800597211818,0.010070424137931036,0.0045678163247749905,0.1884051724137931,0.026942238881292116,0.7201132183908048,0.040762645170101745,118.65979310344838,1117.9191717502974,14040.386973180086,13858420.250155965,0.3918918918918919
104,0.5286153846153847,0.012672113609467456,0.5416,0.036559532307692315,-8.063553846153846,8.849766339408289,0.05067692307692308,0.0009419663905325446,0.3873347692307692,0.10563117836340827,0.08861816815384617,0.0419486081502881,0.15878769230769232,0.009527583540828404,0.3436323076923078,0.032571576340828405,115.32241538461537,901.9979145197633,16250.141666666656,591801.3906410261,0.417910447761194
105,0.6786548672566372,0.01573256229931867,0.6455663716814154,0.024753962408959194,-6.502681415929202,4.917410093194454,0.10552743362831855,0.009071275973059751,0.19283098230088497,0.047002263688601484,0.000907896371681416,3.387301026471338e-05,0.17535840707964598,0.019253823491267908,0.5837477876106195,0.04910971736236199,117.92173451327436,736.4326774870387,12399.88938053098,13184736.491204834,0.7397260273972602
106,0.7320964912280704,0.017567297706986763,0.7973245614035094,0.014811692905509391,-7.0427631578947345,6.582051864958447,0.08251842105263157,0.0047668411518928915,0.0584967368421053,0.010837643286053553,0.13825519780701756,0.07066246064198294,0.18135175438596485,0.024830392321483524,0.6332675438596488,0.05179386499923055,122.67934210526316,225.65502366366584,11666.67799707602,12941369.508019162,0.8901734104046243
107,0.694032258064516,0.01639067637877211,0.7179516129032258,0.017951207336108225,-5.6267741935483855,4.082703465140478,0.09553064516129031,0.00709794212539022,0.12830075806451607,0.025955807441441464,0.01751086887096774,0.007935648830002823,0.18135483870967736,0.01885486699271592,0.5654806451612903,0.05161244704474504,118.69980645161287,633.8704686722161,16232.940860215054,4159610.8986082203,0.7610619469026548
108,0.48173999999999984,0.035549752399999995,0.41844400000000015,0.036955614463999996,-11.275519999999998,11.837010929600002,0.038175999999999995,0.00010233062400000003,0.7939002,0.05599289284196002,0.7817138799999998,0.0677574939200656,0.11029200000000003,0.0024480259359999992,0.340972,0.054132079615999994,122.47239999999998,765.1570034399998,15594.61,84002.2527611108,0.30952380952380953
109,0.45373437500000013,0.013267132568359376,0.6087992187499996,0.042746083515014646,-6.878546874999998,5.958417888427733,0.04978359375,0.00347730293395996,0.2005085078124999,0.06783895529464057,0.0019386543749999997,7.863761565883705e-05,0.18992109375000005,0.024915894164428708,0.31643515625,0.03398041071716309,126.01898437500002,896.8222196872557,15297.21940104167,1428639.5248069775,0.47530864197530864
110,0.5754545454545456,0.026281217630853997,0.46875757575757576,0.05347782001836546,-11.374242424242427,23.532101759412313,0.05628181818181818,0.0017747717906336086,0.5254739393939393,0.09233199707842057,0.08626379757575758,0.047812959731964304,0.1414636363636364,0.00535910776859504,0.5620909090909092,0.08324487052341598,124.15236363636362,631.9871910192836,7288.501262626263,30799771.52572441,0.5476190476190477
111,0.5640416666666668,0.006545623263888888,0.7485416666666667,0.015521914930555554,-5.4297916666666675,1.3164254982638892,0.040016666666666666,0.00014759722222222222,0.1861215833333333,0.037674087674326395,1.1216666666666666e-06,2.0351630555555554e-11,0.1692833333333333,0.007683560555555555,0.5878333333333332,0.026600055555555554,128.21879166666665,1070.6474864982636,16231.805555555553,1616708.637538581,0.6666666666666666
112,0.6106153846153848,0.023228421301775153,0.7301230769230768,0.02711463100591717,-6.786400000000001,6.8169279938461536,0.06737384615384613,0.005180451469822486,0.1150615893846154,0.03384119420265592,0.11605168707692311,0.07052177628599518,0.17116307692307686,0.01877264355976332,0.5597799999999999,0.05856367298461538,125.01569230769233,771.0646941207104,13825.401923076926,9584961.70958498,0.9452054794520548
113,0.6817894736842106,0.020918271468144047,0.6388421052631579,0.021208448753462606,-6.2,1.6162046315789471,0.14815789473684207,0.014316777174515233,0.10662789473684209,0.012060660300831022,2.062105263157895e-06,5.800205872576182e-11,0.17418947368421048,0.026854952520775632,0.4462631578947369,0.04181229916897507,123.76426315789472,798.1361766149587,16300.881578947368,620781.3235130035,0.72
114,0.5328636363636364,0.014431390495867768,0.3339454545454545,0.03562404429752065,-14.047818181818183,18.270263148760332,0.04278181818181819,0.00010571057851239671,0.6044090909090908,0.04605296900826445,0.04509232181818182,0.014893038567843351,0.17238181818181822,0.015494259669421485,0.4688636363636363,0.06196757231404959,116.38527272727275,1423.3602954710743,7878.734848484849,42319193.81448004,0.25925925925925924
115,0.6588659793814433,0.01684643564672122,0.7284020618556694,0.021115178552449782,-6.430355670103095,8.334136548756506,0.09311855670103097,0.008225531305133383,0.16636760309278345,0.03335290733242496,0.0055902784020618575,0.00091146538942609,0.19718865979381434,0.02560116770645128,0.6737943298969072,0.04136337424620042,118.34140206185563,755.8176612094801,13300.854810996572,26026600.720937625,0.5756457564575646
116,0.6639166666666668,0.005687076388888889,0.7472499999999999,0.011558020833333335,-5.34575,1.9053433541666671,0.1526416666666667,0.016860747430555555,0.10544666666666669,0.011745973955555558,6.391666666666666e-06,4.4938743055555556e-10,0.196725,0.008893408541666667,0.5125833333333333,0.02823074305555556,121.25475000000002,679.7866420208334,14168.37152777778,3798638.181845583,0.7368421052631579
117,0.5316923076923077,0.010503136094674554,0.6746153846153847,0.05660885207100592,-7.093076923076922,11.621860840236685,0.04275384615384615,0.00030311633136094674,0.24922423076923075,0.09826957477633137,0.002662196153846154,6.452118618516214e-05,0.22777692307692307,0.02463522792899408,0.6161538461538462,0.0397878224852071,124.30253846153846,1018.7034382485207,14745.887820512824,6019728.096523668,1.0
118,0.6454210526315789,0.017630349030470914,0.7966842105263158,0.015232479224376731,-4.5630263157894735,2.4752599729916893,0.07894736842105264,0.003889621440443214,0.07355205263157895,0.010210599762207758,0.005267581842105264,0.0001930311125514992,0.18649473684210532,0.016323059972299173,0.5001052631578947,0.034968409972299164,119.05831578947367,210.11624458448756,16540.046052631576,302168.4661722842,0.8552631578947368
119,0.5659565217391305,0.01140578071833648,0.7272608695652175,0.0206742797731569,-7.134043478260868,3.8768603894139897,0.04463478260869564,0.0006408118336483932,0.08638908695652174,0.014185597843557655,0.0069236260869565205,0.0004740472682751542,0.2421043478260869,0.03916046563327032,0.6183043478260869,0.03734821172022684,124.43578260869563,360.3215236483932,9037.01268115942,18643454.433640517,0.68
120,0.6155825242718446,0.038857544160618325,0.6263871747572817,0.0572164897621248,-8.457805825242719,13.540547418606847,0.12485533980582522,0.028611275092845695,0.2820754135922329,0.09666243992882093,0.045072485631067985,0.02581067664618634,0.1990893203883495,0.02435930037138279,0.6577378640776699,0.07053751380903006,120.879145631068,1185.2252479108304,10166.230987055016,25563756.122329306,0.5925925925925926
121,0.5563392857142857,0.023945974170918365,0.7973630952380949,0.03231192173327663,-5.2755654761904776,7.365227174284294,0.11733630952380954,0.012918578026856578,0.09342762142857144,0.029664349204584436,0.018671259464285724,0.007582905002347825,0.21538452380952375,0.031047794284297055,0.48060714285714307,0.041260452806122436,128.10943452380954,964.9178261266652,12300.680555555562,19790036.88605048,0.5446009389671361
122,0.5279499999999999,0.017821047500000003,0.5798,0.028144759999999998,-10.2538,9.250490359999999,0.12455000000000001,0.015062470499999998,0.35716975,0.0670590698011875,0.0211388975,0.002972975193474779,0.262535,0.05155807327499999,0.5977500000000001,0.033161687499999995,121.54945000000002,772.2990749475001,5836.895833333334,37471757.13619792,0.9655172413793104
123,0.7098912133891212,0.01816511787258627,0.7230418410041841,0.02149812377234292,-5.597698744769879,4.051023390416836,0.14198158995815902,0.013863752464417642,0.1034385963598326,0.02286634701860965,0.0031868922175732222,0.0007947030303991384,0.20915857740585764,0.03115282225906409,0.5768037656903767,0.04082838580171916,121.55331799163179,882.2923196227306,14696.233960948392,5333729.620137329,0.6046511627906976
124,0.6927257142857143,0.01586312476734694,0.7062000000000002,0.020971748571428573,-5.335394285714287,3.103586798824489,0.12037199999999995,0.013900369787428576,0.10573074285714293,0.028648737286465307,0.003228537257142858,0.00032324627967044925,0.19188,0.02258892491428572,0.524796,0.03869239661257141,121.5097314285714,754.4380056707258,15877.397857142858,1739202.1411839009,0.6464646464646465
125,0.677867924528302,0.015522718405126383,0.7036415094339621,0.015456192239231047,-5.698415094339622,6.680167072979709,0.20263584905660376,0.016851493243147025,0.13938698113207545,0.022367152779565677,0.0002110333962264151,1.538332648463937e-06,0.2269622641509435,0.01985754838732645,0.6322075471698114,0.0312829569241723,118.68216981132079,1081.9957101032398,15127.048742138359,5992741.197375253,0.532258064516129
126,0.4854999999999999,0.020902249999999997,0.59478,0.06214261159999999,-9.177499999999998,14.105287330000001,0.052961999999999995,0.0016681203560000005,0.355221562,0.11156333044627237,0.056751721999999984,0.03205701497843649,0.20886199999999996,0.033275968356,0.559948,0.055009687296000004,122.28849999999998,1093.1168862899995,8032.199999999995,36546787.385277785,0.9629629629629629
127,0.71252,0.011610569599999999,0.7220799999999999,0.022165433599999996,-5.713840000000001,4.521553814400001,0.11433600000000002,0.006893088703999999,0.19693440000000004,0.05031391180063999,0.0056336115999999995,0.00044684323218919733,0.17907599999999999,0.028900401824000013,0.6038,0.045807919999999995,123.6162,706.7986016,14942.984999999997,9809152.637761112,0.972972972972973
128,0.614,0.019194555555555555,0.6034444444444444,0.021984246913580252,-6.013333333333334,4.770448333333334,0.05610555555555555,0.004514134969135802,0.19482555555555556,0.023671675102469134,9.257222222222223e-06,5.276968422839506e-10,0.16638888888888886,0.012106627654320988,0.5332222222222222,0.06711106172839507,117.7675,1219.3456014722226,15245.303240740743,2761401.894445516,0.95
129,0.634054347826087,0.01685770356805292,0.7671630434782608,0.02408787559073724,-6.380217391304347,8.249658148393193,0.06306630434782608,0.004140479408081287,0.1237645434782609,0.026970825651030716,0.008226793260869565,0.0019000096780268944,0.18569565217391304,0.017928732155009456,0.6707108695652175,0.043550042055765605,123.26623913043481,638.7305485732514,9887.158061594202,18432905.29259277,0.81
130,0.6263414634146341,0.020611268768590124,0.5828409756097561,0.03924283500392625,-7.509907317073166,8.228439967019632,0.08866390243902443,0.012800849526234382,0.2542594009756097,0.07212998048471166,0.03976009307317073,0.01833966795682947,0.19251756097560963,0.023655552179417,0.4760078048780489,0.05412119476835219,118.58939512195117,632.2012444731467,14504.339227642271,18538716.12964852,0.31666666666666665
131,0.5743232323232325,0.023172905621875312,0.6448484848484847,0.03446097704315885,-6.252535353535352,6.131263986123862,0.07608686868686869,0.005302390433629223,0.2138330202020202,0.059241139040787476,0.011572720202020203,0.007384039430703523,0.16795454545454544,0.015862167933884296,0.4434696969696969,0.04024466393021122,123.56654545454542,851.9675825307621,13505.203282828288,11585032.100353274,0.7058823529411765
132,0.4744,0.04023604000000001,0.6077999999999999,0.07128076,-9.234799999999998,32.343873959999996,0.09930000000000001,0.008707666,0.23561921,0.1323766207143769,0.287507242,0.11804586501482309,0.22141000000000002,0.0182894569,0.37031000000000003,0.0521747449,123.963,917.4038026000001,11368.9875,15743400.777100693,1.0
133,0.65935,0.013354927499999999,0.541625,0.037324121875000005,-7.0331,10.951019589999994,0.100625,0.010884088875000001,0.26409099999999996,0.057612432539,0.002229366,8.214720874311399e-05,0.19439500000000004,0.024364638475000002,0.44035,0.025444627499999994,114.86330000000001,469.90636780999995,17024.37083333333,1560727.8834895839,0.88
134,0.6915129310344829,0.024168887763822828,0.7043965517241376,0.026265213436385257,-5.921314655172411,5.92556772426798,0.14240603448275857,0.013719172032550535,0.1444972103448276,0.037261446089165325,0.005351964310344827,0.0012143959066740063,0.196014224137931,0.019663525616639418,0.5544008620689659,0.04925734206822235,120.59016379310349,804.1429271542058,13503.546874999993,5480982.281484791,0.5882352941176471
135,0.4891886792452832,0.020060417230331078,0.7261320754716981,0.03667388821644714,-7.669339622641509,6.8324667525809915,0.0539433962264151,0.0018899383054467793,0.08510626603773587,0.02465994419863395,0.04204977641509433,0.0253380070147099,0.18535283018867924,0.025386517208971175,0.4856301886792452,0.053690268899964415,119.63522641509432,1004.6425540242075,9085.738993710691,970009.7521063248,0.7358490566037735
136,0.6856874999999999,0.02315283984375,0.6656250000000001,0.029511046875,-6.565156249999999,9.237050069335941,0.19924687500000002,0.01609783061523438,0.1997671875,0.04917701118896484,0.0033852706250000007,0.00014922905460044351,0.24263437500000007,0.029570937880859384,0.5891374999999999,0.039461348593749994,112.91690624999998,1128.4714052724607,13195.942708333334,7643455.794677735,0.74
137,0.6025416666666668,0.01610499826388889,0.6646666666666668,0.04088605555555556,-6.323416666666667,4.832552993055556,0.07728750000000001,0.005218940260416666,0.184670625,0.08549825028398438,0.031579459166666664,0.008954435332384327,0.19527083333333337,0.024478862065972218,0.4708125000000001,0.052836683593749996,124.54379166666668,525.5060974149305,16484.55902777778,232562.72524836063,0.7941176470588235
138,0.540030769230769,0.019905383668639042,0.6462076923076926,0.038084318402366875,-7.565853846153848,7.907728986331362,0.05879076923076923,0.00407525837633136,0.24714934230769228,0.0851027226461501,0.12415374730769231,0.06295957571159563,0.16614000000000007,0.018861087015384612,0.41468076923076924,0.046898350476331355,117.48623846153846,616.7302551200594,14894.949358974365,3865393.4094280093,0.8133333333333334
139,0.6516818181818181,0.014492626033057853,0.6921363636363637,0.021752345041322316,-7.238045454545456,4.138937361570249,0.23604090909090905,0.016209481053719006,0.2591823863636364,0.0638842320085098,0.027622465454545456,0.012280319245784748,0.2923727272727273,0.0642839301652893,0.5525000000000001,0.04814802272727273,116.02677272727269,1211.8235509483472,16822.542613636364,1551556.9330404552,0.8765432098765432
140,0.4987464788732395,0.0144690061495735,0.3919309859154929,0.045975539884943455,-11.358239436619721,20.35975885816307,0.03976338028169014,0.0003995721801229914,0.6153454647887323,0.09386865737441777,0.1478211504225353,0.08013160554137594,0.14953802816901407,0.008786693342590756,0.3236774647887324,0.034307800618924814,118.16616901408446,899.4219906756593,14214.725938967136,1677694.1999541256,0.75
141,0.39768181818181814,0.016383398760330577,0.2286545454545455,0.024829069752066123,-13.992272727272729,24.496615834710745,0.04713181818181818,0.0007828921694214875,0.7933181818181818,0.03614848966942149,0.16501091772727275,0.08848063465469118,0.13821363636363634,0.008291127541322314,0.20913181818181814,0.017353583078512393,120.32454545454547,1467.0533443388433,14345.776515151514,7558947.844783059,1.0
142,0.589648148148148,0.016909728052126198,0.8030648148148147,0.020478430984224964,-5.951481481481484,7.065990027434844,0.08089444444444448,0.00524189070987654,0.05309669055555556,0.017797500032454287,0.2815715805555556,0.11865410142942497,0.2323000000000001,0.02885062574074073,0.45896759259259234,0.06405225496827847,130.102074074074,436.9993560871054,14357.311728395054,2000318.9460352852,0.5193798449612403
143,0.7295675675675675,0.01749208327246165,0.6099729729729731,0.01900262089116143,-6.970594594594594,6.611442565376187,0.1892054054054054,0.014618365916727532,0.16469540540540534,0.025333688976186992,9.954837837837837e-05,8.666820774872166e-08,0.15241081081081087,0.008797444747991235,0.4130783783783785,0.04562928061358656,125.83537837837837,706.7243807216946,16932.022522522522,89226.9056488923,0.5614035087719298
144,0.5293898305084747,0.02313522091353059,0.3197169491525423,0.030233632594082155,-12.160864406779659,19.729828896868714,0.04171694915254238,0.00121864852628555,0.7305677966101697,0.058762177437517965,0.06024432491525423,0.03543481342117206,0.15138474576271188,0.02224270671646078,0.35382881355932194,0.045718410525711024,115.975593220339,868.8501971565643,12943.586864406785,7637052.97865396,0.6818181818181818
145,0.5070217391304347,0.021948325614366725,0.7148913043478262,0.0430150534026465,-8.00854347826087,9.555870465500943,0.0723391304347826,0.0049284445557655964,0.1603471652173913,0.050383226226094445,0.05823118913043479,0.015913512973599896,0.21458478260869562,0.03570727607277883,0.502,0.05063273913043477,122.85484782608697,765.8346292594517,5394.030797101447,17352006.772073876,0.2978723404255319
146,0.5353229166666665,0.01777363530815972,0.7805786458333334,0.03070329855441625,-5.022078124999997,3.4714657282714847,0.08125260416666673,0.005118658639051653,0.10456047864583334,0.029842907423131674,0.004762188750000001,0.0017950428553697882,0.19582447916666668,0.021764638515353735,0.4692864583333331,0.03956901846245659,134.0039270833333,977.0201954217664,15707.047309027757,1742158.5795218383,0.18592964824120603
147,0.6336999999999999,0.019018410000000006,0.7045999999999999,0.006636040000000001,-6.337,2.4104041999999994,0.04475,0.0009954165,0.1777785,0.02280065376025,0.02193958,0.0042711191583076,0.14506,0.0060707444,0.6414000000000001,0.044037839999999995,112.74940000000001,360.55412463999994,11512.6,22169436.11361111,0.8
148,0.6019857142857146,0.012722071224489798,0.8059000000000001,0.012345189999999995,-5.307485714285714,2.4762159926530605,0.05591857142857142,0.0013965823693877547,0.07018451857142856,0.014901895405116657,0.03013513814285713,0.013308018972815387,0.21374285714285712,0.021674943020408167,0.5808178571428572,0.043214840038265305,120.37489285714284,487.87525595280596,15633.850892857135,1900529.889212994,0.6774193548387096
149,0.7172352941176471,0.014420768166089965,0.6548823529411765,0.022614633217993084,-7.634882352941175,5.922917221453285,0.08773235294117647,0.004422409835640138,0.11390979411764708,0.023882219719634085,0.07578054676470589,0.03436841193008455,0.1454264705882353,0.009044017828719721,0.6851764705882354,0.03216985121107268,118.82432352941177,923.3140731600344,12085.221813725488,14291653.578913458,0.5135135135135135
150,0.6698571428571429,0.016015535147392283,0.7664920634920638,0.016071583270345174,-5.119571428571425,3.3588104988662124,0.07839920634920637,0.004222933888259005,0.08721357142857142,0.016961998829340134,0.003085090714285715,0.0006162708623142702,0.2052031746031747,0.026895932847064766,0.5789626984126982,0.04084529932287729,124.10669841269845,634.618784607458,15486.14417989417,5774995.605038879,0.675531914893617
151,0.5392380952380954,0.021832657596371877,0.3472571428571428,0.04424468578231293,-11.645023809523808,20.39686340419501,0.054869047619047616,0.0023580983276643994,0.6192928571428572,0.08569503161564626,0.015168976190476195,0.005142383010860076,0.16487142857142864,0.01958072632653061,0.4443738095238095,0.056672205266439915,118.10473809523812,896.887718764739,6703.358134920635,70498298.99016699,0.7659574468085106
152,0.5729302325581395,0.012569483504597077,0.7779418604651164,0.015391612898864255,-4.838383720930233,2.8597327946187123,0.057450000000000015,0.0015740959883720927,0.08881103488372095,0.0244762557370104,0.01933887395348837,0.007289432157694466,0.20614534883720934,0.025638512710924835,0.4799197674418606,0.0390640820511087,128.4673604651163,552.8990775095998,15881.260658914727,402251.39721358404,0.7619047619047619
153,0.5742068965517242,0.01420526753864447,0.5492758620689655,0.0340602687277051,-7.475793103448276,9.217628095124853,0.05463103448275862,0.002761944209274673,0.3869227586206896,0.08790296595101071,0.0021218906896551724,7.99832871256547e-05,0.1880275862068966,0.03715127579072532,0.41400000000000003,0.03118206896551724,112.68462068965518,844.6378488561234,15099.813218390806,2348372.594542707,0.7352941176470589
154,0.67672,0.0154258416,0.6723800000000001,0.021953315599999988,-6.415519999999999,4.1187686496000016,0.08620199999999997,0.006197660995999999,0.20168088,0.05776955292274558,0.0038136662000000003,0.000298215484907548,0.17578200000000005,0.026714322675999994,0.5265400000000001,0.05649340839999997,127.07561999999999,741.2388408755997,16483.40416666667,723696.4409895836,0.8227848101265823
155,0.48608333333333326,0.01689232638888889,0.29210833333333325,0.020746640763888886,-11.480291666666668,13.987697706597217,0.0521625,0.0055539723437500015,0.6979687500000001,0.09227457746093749,0.09154579583333333,0.04116097943412206,0.12816250000000004,0.0015319156770833332,0.22779166666666673,0.011843831597222224,115.39383333333332,1013.4089893888887,14618.02256944444,993438.5739263836,0.84
156,0.645176470588235,0.011872444793960369,0.5404278074866309,0.01852204157968487,-7.747026737967915,6.236938913723582,0.08649946524064168,0.007071900908804946,0.22044816577540088,0.03832579729368909,0.00045568727272727265,1.0524683054348168e-05,0.16477272727272732,0.0181582588818668,0.4891540106951869,0.04213271168177529,114.9681711229947,852.7749388156368,12051.64884135472,9184939.532473393,0.5411764705882353
157,0.528590909090909,0.029719423553719013,0.4403181818181817,0.03462967148760331,-11.686136363636365,10.328142481404958,0.04234545454545455,0.0003855415702479338,0.6172681818181817,0.05795995580578512,0.013394458181818182,0.0007441182796235694,0.15356818181818183,0.005649149442148762,0.5615454545454545,0.06493197520661156,116.88472727272732,780.453376107438,1181.3295454545457,19745000.743514698,0.7391304347826086
158,0.5455247524752475,0.017050685030879326,0.6240198019801981,0.04929627683560433,-7.499435643564353,9.885832008234484,0.050944554455445525,0.0016508527673757473,0.3243367947524752,0.10359505163389797,0.08359436237623757,0.03151706675720353,0.171449504950495,0.0198319096284678,0.45860891089108924,0.05302740893049702,116.72055445544557,782.1746369004995,15335.652227722767,5732171.469693194,0.8476190476190476
159,0.5157878787878787,0.016959076216712585,0.4732939393939395,0.0373789345087236,-8.236454545454547,7.659363884297523,0.09675151515151516,0.010311687346189168,0.48041878787878795,0.1123488115379247,0.0054855296969696975,0.00022028473999652413,0.16216666666666668,0.012206767676767677,0.2775848484848485,0.017700791588613405,124.82412121212124,1061.8809052580348,15722.430555555555,1746523.2923681259,0.825
160,0.7077142857142859,0.008576489795918367,0.6028571428571429,0.01761726530612245,-6.407285714285714,4.8669490612244894,0.09222857142857142,0.0057409334693877545,0.10344028571428572,0.01039526722334694,0.010287284285714285,0.0006204498368331959,0.1231285714285714,0.0056351020408163255,0.5025714285714286,0.033139673469387745,124.45385714285713,1087.9193741224487,17103.7380952381,48694.24489795918,0.9090909090909091
161,0.6759556962025315,0.016709548670084926,0.7062658227848096,0.019541979971158464,-5.633063291139243,3.1543247681461306,0.1031310126582278,0.006592205050873257,0.11941510126582283,0.02211941806060999,0.007253673607594937,0.0034746389818330788,0.19402278481012655,0.023743075809966357,0.5393506329113925,0.0444092009806121,118.37582911392398,621.0131854201654,15595.789293248943,1563341.3832683656,0.45925925925925926
162,0.6905853658536586,0.022225364663890537,0.5880731707317073,0.018920019036287924,-8.237219512195121,12.306769829863176,0.04907317073170732,0.0006315614753123138,0.26983682926829267,0.049645016499702564,0.0016480502439024387,5.724891954798284e-05,0.1657365853658537,0.019838092076145158,0.7345853658536584,0.037060389054134446,116.25404878048784,1390.2785188756695,9812.412601626016,25128311.174356785,0.5121951219512195
163,0.5205901639344264,0.015786077936038704,0.8480163934426231,0.01935477022305832,-5.475885245901641,5.891644199946251,0.07208032786885243,0.0025221225638269278,0.030158159016393443,0.009556709844716845,0.0869200826229508,0.030947486477484812,0.1770131147540983,0.010223537205052407,0.43299016393442635,0.036154858263907554,119.75301639344258,767.9698021144852,11525.709016393444,12924799.259875443,0.4090909090909091
164,0.7683111111111113,0.018392925432098767,0.6561555555555554,0.014919509135802471,-5.984199999999999,3.3246570933333337,0.1895177777777778,0.014647875683950621,0.09244008888888887,0.02471168890430321,0.018586995777777778,0.008879953849832561,0.18751555555555552,0.021074090646913582,0.4464222222222223,0.034242421728395055,120.45502222222225,734.9101201995062,15792.006481481483,3911443.489888546,0.7341772151898734
165,0.5835999999999999,0.005271239999999998,0.7035000000000001,0.008124649999999999,-5.778,0.5273993999999999,0.03893,0.0002842141,0.06461,0.007914096900000002,1.154e-06,3.3276639999999995e-12,0.17746,0.0095375044,0.5331,0.01160829,125.4192,738.2741613599999,17276.466666666667,26268.409999999996,0.6363636363636364
166,0.6041090909090909,0.02310886082644628,0.6871290909090911,0.03334147442644628,-7.850745454545453,12.79750891702479,0.03927272727272728,0.00033129616528925615,0.24956418181818174,0.06703436207887603,0.04186922909090909,0.023234318671789947,0.18974181818181812,0.035276167160330565,0.6102909090909091,0.05172271537190081,115.21052727272725,812.8335815583472,10160.42196969697,36215848.47803374,0.7543859649122807
167,0.5713513513513513,0.010458119795471144,0.44160810810810824,0.03917342750182614,-8.811351351351352,11.567395660336011,0.04396351351351352,0.0023442612363038717,0.478030135135135,0.08708022334727901,0.011158904459459459,0.002044207057396196,0.14877432432432436,0.009499550556975893,0.3215581081081081,0.031360371082907214,121.60781081081085,708.1675860452884,15580.843468468469,5147208.911918676,0.34177215189873417
168,0.4994166666666667,0.012270076388888886,0.7001666666666666,0.04922497222222222,-6.539166666666667,9.121063972222222,0.03880833333333334,0.0001225040972222222,0.1339837,0.07946860362988999,0.04480485666666667,0.02193400438927488,0.17525000000000002,0.010845665833333335,0.5519166666666667,0.05570357638888888,132.28625000000002,1122.2537160208337,9298.854166666666,12006538.896267362,0.75
169,0.6462932330827067,0.01986321476623891,0.5073684210526318,0.02874904471705579,-10.32455639097744,13.82492450245916,0.11332857142857136,0.012004512867884,0.3489787293233084,0.09181754676952071,0.21070397451127823,0.10971835232884321,0.14623909774436084,0.008728318320990448,0.48726691729323307,0.04792132507094804,113.05309022556386,896.4993857362203,12753.99279448622,15632373.257010004,0.845360824742268
170,0.7596538461538462,0.015827957100591712,0.7770961538461543,0.014060048446745561,-5.516134615384616,5.552911462647927,0.2393596153846154,0.01062962663831361,0.1247699423076923,0.018981771159938984,0.029822273269230773,0.0166256893444126,0.19355576923076928,0.024287205543639053,0.6607115384615386,0.02820782063609468,106.05798076923075,960.9159260957839,11043.811698717946,6146336.774271526,0.5915492957746479
171,0.5827586206896551,0.017610803804994055,0.7522068965517242,0.022446439952437572,-5.056517241379311,2.5339054910820464,0.05911724137931034,0.0007056869441141499,0.07319110344827587,0.007339028179816884,0.019016876551724137,0.004915560969498397,0.17000689655172413,0.029079248228299655,0.4809275862068966,0.06250130130796672,129.2266551724138,791.8869456052319,15799.528735632182,1497639.3293945706,0.59375
172,0.5740731707317076,0.01970397025580012,0.7233414634146341,0.03358081023200476,-5.534902439024391,6.000175063652589,0.0697268292682927,0.00356931025580012,0.19391478048780483,0.06169429771143962,0.001522661951219512,8.640506465028885e-05,0.17696829268292685,0.018677010945865557,0.5233170731707317,0.03265802141582392,121.08682926829268,953.708014385485,14228.123983739833,5160081.107172069,0.7457627118644068
173,0.7286489361702132,0.01833510015844273,0.5913829787234042,0.032785832050701666,-8.38309574468085,10.100819767428696,0.13278404255319148,0.011196792617700313,0.16872078723404255,0.03963937627040152,0.0183904979787234,0.008736877732875764,0.17612446808510643,0.02942998780556813,0.633513829787234,0.04502433906405614,119.28892553191494,800.5077503667947,10739.545212765963,27978402.684975594,0.7647058823529411
174,0.5206000000000001,0.017152240000000003,0.448,0.032606133333333336,-11.194066666666666,14.41322672888889,0.039946666666666665,7.707315555555556e-05,0.5573333333333333,0.06002422222222222,0.11995480466666666,0.06527967387112922,0.16493333333333332,0.0024444622222222225,0.5283266666666667,0.048001813955555556,122.6428,609.9560078933335,5103.658333333334,42762435.49819444,1.0
175,0.6620555555555555,0.020282941358024692,0.5657777777777777,0.027599950617283948,-7.518666666666667,3.311650666666667,0.14983333333333332,0.008414775555555556,0.20220666666666667,0.055555243322222225,0.0002807833333333334,9.226905680555555e-07,0.1850722222222222,0.02312121422839506,0.4432222222222222,0.031696839506172844,117.606,888.4856260000003,15952.131944444445,724967.7959587197,0.4642857142857143
176,0.6336762589928061,0.016675887997515657,0.6537410071942449,0.024930494073805713,-5.857007194244607,3.9413096186532797,0.07443309352517984,0.003889941926401325,0.19168410791366908,0.05079330362862862,0.002116060647482014,0.0002738005524927986,0.15306906474820142,0.009023615517830343,0.4704755395683455,0.05200261393406139,117.19582733812948,670.9788675241444,16985.605215827345,481242.0588611846,0.5631067961165048
177,0.6725199999999998,0.0201254496,0.5972000000000001,0.027820320000000006,-8.258720000000002,7.8418122016,0.21064800000000006,0.029710356896000004,0.31480519999999984,0.06406044968895999,0.061182713199999995,0.031542532008877674,0.24019599999999997,0.054473081184000016,0.5234000000000001,0.041590239999999994,112.67752000000002,875.4708860896,15261.783333333336,4797805.16375,0.8421052631578947
178,0.7452714285714285,0.016798426326530613,0.5891714285714287,0.026516142040816322,-6.948814285714286,7.255157922653059,0.1934385714285715,0.01644834836938776,0.19294831428571435,0.048099684310358375,0.002718251142857143,0.0001836156243083958,0.2009314285714286,0.02376810415510204,0.4380514285714285,0.04173994592653061,122.83579999999999,742.0551871314285,16986.376190476192,102581.21602040825,0.5535714285714286
179,0.659095238095238,0.02062437188208617,0.6571904761904761,0.021651963718820857,-5.886714285714285,3.5005737278911564,0.11515714285714285,0.00787555387755102,0.21527619047619045,0.03930011038548753,0.005149115238095238,0.0005187316391351297,0.1670857142857143,0.010214270748299318,0.5393428571428571,0.039763684353741495,123.80290476190476,781.9095674195011,16864.047619047615,640521.0066609976,0.9642857142857143
180,0.6083529411764705,0.01572458131487889,0.7306470588235295,0.021687169550173014,-5.942882352941176,4.625420339100346,0.0954705882352941,0.00560753384083045,0.14907647058823528,0.05399380148166089,0.0012852864705882351,2.290044250698755e-05,0.11895882352941177,0.004801984775086506,0.5476470588235294,0.03726446366782006,136.41476470588236,1029.392092650519,11016.017156862745,29204655.081711352,0.4782608695652174
181,0.5919259259259259,0.013654661179698222,0.6039259259259259,0.020340438957475997,-6.992222222222223,3.6153577283950606,0.08489259259259259,0.005956068093278465,0.16132077777777779,0.021776495250246913,0.0024254462962962965,3.822029966429739e-05,0.16234444444444437,0.007023872098765431,0.3367555555555556,0.024835375802469136,117.39159259259259,833.7358896488339,16688.18055555556,1210305.0898919755,0.8421052631578947
182,0.6763809523809525,0.014077842970521545,0.6236071428571428,0.019470738520408166,-6.242940476190476,4.372712555980729,0.11308690476190489,0.007664792090419504,0.1702054404761905,0.02931093437418692,0.008682594345238095,0.0027167629470327558,0.1750636904761905,0.0132585813601899,0.4371517857142859,0.04344626963966837,117.77661904761901,755.6204363905897,16891.454861111106,711005.8580195244,0.6
183,0.47637974683544304,0.008245096298670084,0.8205443037974682,0.031048906265021627,-4.852493670886075,3.933732224643489,0.06354303797468352,0.0013794178945681782,0.06656308354430378,0.029510037662491505,0.01708141734177215,0.012889468414736115,0.17820886075949366,0.012839705870854031,0.413159493670886,0.0346122707643006,132.8965063291139,929.8710171360361,14159.901371308018,3272769.0235222033,0.37037037037037035
184,0.6174888888888888,0.02300851654320987,0.5655977777777779,0.03708468732839507,-8.267066666666667,10.326796240000002,0.05359111111111111,0.003492817254320987,0.28232468888888895,0.08685812470425877,0.09042257644444449,0.0464008799987902,0.16389777777777775,0.01150360021728395,0.44862444444444455,0.06424994095802469,115.46786666666667,530.086144248889,14730.143518518516,6906506.467018174,0.9
185,0.6667851239669422,0.01565403647291852,0.6706115702479338,0.01914772515538556,-5.7788760330578555,2.627579678847074,0.09356694214876032,0.007099380560071032,0.1530335371900826,0.027171487106694897,0.0064852041322314025,0.0012505111212926072,0.17339173553719014,0.01719928538624411,0.4917396694214875,0.05097866883956013,116.0133966942149,777.2541387351956,16338.599517906348,4091966.096171141,0.7228260869565217
186,0.6477692307692309,0.011710280078895465,0.6632820512820514,0.03125907429322815,-6.311179487179487,3.7582178908612764,0.07206923076923073,0.0025835841814595664,0.16400794871794874,0.05822303399579225,0.010287044871794873,0.0036763288735310916,0.21723076923076923,0.02725218161735701,0.5045000000000001,0.03582039743589743,115.30017948717949,694.5527527626563,16593.226495726492,239016.8984860108,0.6111111111111112
187,0.4756470588235294,0.0117241107266436,0.43176470588235283,0.03994123875432526,-8.304705882352941,8.740443266435987,0.06013529411764706,0.001155221107266436,0.5317058823529411,0.11820776643598618,0.01775910588235294,0.004215148123004083,0.13885882352941178,0.016306025951557092,0.28895294117647063,0.013055008373702421,119.97817647058821,1280.3602417923876,16774.0637254902,655406.5782511537,0.8947368421052632
188,0.5290588235294118,0.014632290657439448,0.5511176470588236,0.023176339100346024,-9.118176470588235,7.416270380622836,0.04210000000000001,0.0009615176470588238,0.2899032411764706,0.07092493338149536,0.002987344117647059,6.224668152142422e-05,0.21701176470588235,0.04347301986159171,0.6041764705882353,0.054164262975778546,131.31258823529413,574.1095934186852,8336.7818627451,48102606.98050028,1.0
189,0.47683333333333333,0.016705532828282826,0.6159696969696972,0.03869324150596878,-7.94110606060606,10.715794549357211,0.044440909090909086,0.0009677105991735535,0.3209291363636364,0.05946032667302686,0.0090881943939394,0.0045034759973430205,0.5152469696969695,0.10166961067263541,0.3371075757575757,0.04227013373048668,127.96734848484847,449.99055346946744,12926.147095959592,5418679.145266189,0.3582089552238806
190,0.6355312500000001,0.018905936523437493,0.6827812499999999,0.020530233398437504,-7.087859375000002,7.589402152099609,0.28573125000000005,0.022241656523437497,0.25543650000000007,0.04618910083940627,0.0013861339062499999,0.00010716634113513315,0.2891453125,0.03402990935302734,0.4584921875000001,0.03526174603271484,113.93895312500001,1057.2454419821777,15758.555338541668,482799.9927330024,0.3153153153153153
191,0.5488181818181819,0.009877057851239665,0.8647272727272728,0.006137652892561984,-5.015136363636365,1.1998268450413223,0.06335454545454546,0.0006194352066115702,0.0123378,0.00048733413825818183,0.00033135363636363637,2.2860223825958672e-06,0.47426363636363644,0.07948751685950416,0.5052727272727272,0.03517201652892562,131.12249999999997,232.05332515909092,15631.367424242426,1399508.2521522036,0.5806451612903226
192,0.687,0.012993999999999997,0.6561891891891892,0.020363612856099347,-6.023378378378378,2.5767325054784513,0.11305675675675679,0.006032661373265158,0.14312727027027025,0.030802809049656682,0.0005557610810810811,4.910042724058291e-06,0.1662378378378378,0.0074696564061358635,0.45367297297297304,0.0483681311614317,116.74375675675678,858.5948108327248,16660.372747747748,1260034.5528290116,0.6805555555555556
193,0.705642857142857,0.009583801020408162,0.5645714285714286,0.0316225306122449,-6.830500000000001,5.29920025,0.1236357142857143,0.009084365153061224,0.2599595714285714,0.08797288628238775,0.00010995000000000002,1.3273477534285716e-07,0.10724285714285715,0.0021342481632653063,0.45119285714285723,0.053066697806122456,130.5227857142857,665.5916437397958,16428.541666666664,99119.37797619065,0.9
194,0.658469230769231,0.01914007982248522,0.6074384615384613,0.02470916928994081,-6.691453846153848,5.34642918633136,0.12606999999999996,0.014385492869230772,0.2095295538461538,0.05510449631329329,0.014614340846153848,0.007738102283727988,0.21437769230769227,0.031346140656213016,0.43516538461538445,0.04537567180177511,118.89853846153848,900.2057162639053,16409.78525641026,806641.4341469432,0.703125
195,0.4917424242424242,0.03529661547291092,0.5226636363636362,0.05885199655647383,-7.961787878787876,11.519013561065197,0.07943181818181819,0.007487538230027549,0.39800333333333326,0.11595745307676768,0.023896666515151516,0.018246364505988676,0.22097878787878783,0.040709711671258045,0.3742909090909092,0.044582297190082644,125.37122727272731,881.5829926301651,16126.57828282828,704312.9474702834,0.8314606741573034
196,0.5964827586206896,0.01346783590963139,0.7243793103448275,0.03369671819262783,-7.2783103448275845,7.664109110582641,0.05753448275862069,0.003038118121284185,0.24473756551724138,0.07748618740525812,0.0440453224137931,0.021580237610320466,0.2251137931034483,0.038149498430439945,0.6322068965517241,0.035902026159334126,111.39244827586208,315.7417213507729,13349.770114942532,20206001.903809946,0.9736842105263158
197,0.571859649122807,0.016490682056017232,0.626298245614035,0.035049472453062475,-7.807350877192984,6.833824718990457,0.08873859649122806,0.010176762369959987,0.25496814385964905,0.06435966226156595,0.17174935508771935,0.07709328748476259,0.17052982456140353,0.01579156665435519,0.4977456140350876,0.05380594879655278,116.89740350877193,1014.5549804512154,14280.855263157893,18490456.75043282,0.9411764705882353
198,0.6639583333333334,0.02522737326388889,0.6986250000000002,0.02856490104166666,-9.116625,11.987764984375003,0.08554583333333332,0.009036127482638887,0.21512749999999994,0.029212429727083336,0.04469292416666667,0.0048296971807354405,0.1507666666666667,0.019400686388888883,0.7272500000000001,0.04201160416666666,112.98325,518.0589545208333,6744.940972222223,25904942.779935863,0.96
199,0.5486363636363634,0.025299062573789846,0.6406363636363634,0.04675407556080282,-7.569090909090908,7.001710731995276,0.1502038961038961,0.019702325828976224,0.3153662727272727,0.08798072530528925,0.1061270537662338,0.04954159335606556,0.212664935064935,0.03140105552369709,0.4507077922077922,0.05177663240681397,123.86442857142859,927.7310647384045,16998.2895021645,15808.615029586232,0.6699029126213593
200,0.6508571428571429,0.008889836734693875,0.7642857142857142,0.013283346938775508,-5.095357142857144,2.2366442295918367,0.07202857142857143,0.005914720612244899,0.09731885714285714,0.01193492017412245,0.000142655,7.019806446785712e-08,0.25762142857142856,0.03684652454081633,0.6253571428571428,0.04672522959183673,122.34957142857141,782.5563549591835,13325.830357142859,6077606.054430626,0.7142857142857143
201,0.6092391304347826,0.01775787759924385,0.727826086956522,0.036328448015122874,-6.034391304347826,6.982273933837428,0.08043260869565218,0.005532555241020796,0.12760046521739135,0.04447159023168053,0.011301191086956522,0.0017331679770658758,0.1711282608695652,0.015445314201323255,0.5789130434782608,0.03928999243856333,130.1130217391304,512.8919920212667,14103.103260869562,11817173.033192871,0.8867924528301887
202,0.6097301587301588,0.014810450995212903,0.5311111111111111,0.013722035273368606,-7.962587301587303,4.632591766187958,0.08741428571428568,0.005923009795918367,0.25188571428571427,0.04296828513242631,0.0030829719047619046,0.00016933441702601863,0.1966936507936507,0.02402806249937011,0.4038000000000001,0.04282702888888891,121.5267777777778,853.8045436649031,13593.546957671968,5697659.545827383,0.5
203,0.6878510638297874,0.018782722498868264,0.7016127659574468,0.03321646366681756,-5.992723404255318,13.304776157537354,0.14119361702127659,0.02037167719330014,0.17032042553191493,0.06060493822109551,0.01928600340425532,0.0035780803487395333,0.20384893617021277,0.02508105824354912,0.5010914893617021,0.04181431269352647,124.30465957446808,555.5606020968763,15889.295212765956,1545339.2893639023,0.8333333333333334
204,0.6222000000000001,0.014881160000000001,0.28652,0.011322833600000002,-9.312,2.6029552000000007,0.050449999999999995,0.0010421424999999998,0.6968000000000001,0.054190959999999996,2.4674e-05,4.385524484e-09,0.17139,0.03294782889999999,0.37229999999999996,0.01891861,118.98509999999999,144.37507389000004,15584.5875,1716397.2154340285,1.0
205,0.618612244897959,0.01297815576842982,0.7513673469387754,0.01832219158683882,-6.505346938775509,3.2105116959600175,0.07332244897959185,0.00458363602665556,0.15183927979591835,0.042308549567108944,0.1826075865306123,0.08675316342872143,0.16890816326530614,0.023292851770095786,0.5579999999999999,0.047573346938775525,121.42716326530613,713.4193346264058,14774.369047619044,9020645.771045918,0.8214285714285714
206,0.7288,0.007278159999999999,0.691,0.0162708,-5.411600000000001,2.7325862400000007,0.13696,0.005569846400000001,0.2455,0.054757664,1.1846000000000001e-05,4.66857584e-10,0.15259999999999999,0.0006298399999999998,0.49300000000000005,0.014452000000000007,119.8572,1003.5363517600002,14863.983333333334,17712743.967083327,1.0
207,0.7145681818181818,0.021765427169421484,0.646409090909091,0.01903242355371901,-6.237113636363636,3.092360827995867,0.19560454545454545,0.01682059770661157,0.12227095454545457,0.01888919413190703,0.00031711954545454545,3.688141732640704e-06,0.26597727272727273,0.03432130675619835,0.43021136363636364,0.05101851646177686,115.4841590909091,976.596496861054,15201.695075757569,2270747.5704523926,0.5897435897435898
